David,Davis,david.davis@example.com
Chris,Miller,chris.miller@example.com
Alex,Moore,alex.moore@example.com
Alex,Jones,alex.jones@example.com
Katie,Wilson,katie.wilson@example.com
Chris,Taylor,chris.taylor@example.com
Jane,Smith,jane.smith@example.com
John,Brown,john.brown@example.com
Alex,Jones,alex.jones@example.com
Emily,Williams,emily.williams@example.com
Alex,Williams,alex.williams@example.com
Emily,Brown,emily.brown@example.com
Chris,Moore,chris.moore@example.com
Alex,Jones,alex.jones@example.com
Emily,Moore,emily.moore@example.com
Emily,Taylor,emily.taylor@example.com
Alex,Taylor,alex.taylor@example.com
David,Brown,david.brown@example.com
Emily,Davis,emily.davis@example.com
John,Williams,john.williams@example.com
Laura,Brown,laura.brown@example.com
Katie,Wilson,katie.wilson@example.com
Emily,Miller,emily.miller@example.com
Michael,Davis,michael.davis@example.com
Alex,Jones,alex.jones@example.com
Alex,Smith,alex.smith@example.com
Michael,Moore,michael.moore@example.com
Chris,Williams,chris.williams@example.com
John,Taylor,john.taylor@example.com
Michael,Brown,michael.brown@example.com
Laura,Wilson,laura.wilson@example.com
Laura,Williams,laura.williams@example.com
Katie,Johnson,katie.johnson@example.com
David,Williams,david.williams@example.com
Sarah,Wilson,sarah.wilson@example.com
Michael,Brown,michael.brown@example.com
Jane,Wilson,jane.wilson@example.com
John,Jones,john.jones@example.com
John,Taylor,john.taylor@example.com
Alex,Moore,alex.moore@example.com
David,Miller,david.miller@example.com
Katie,Taylor,katie.taylor@example.com
Laura,Davis,laura.davis@example.com
Chris,Davis,chris.davis@example.com
Laura,Jones,laura.jones@example.com
Emily,Brown,emily.brown@example.com
David,Miller,david.miller@example.com
John,Davis,john.davis@example.com
Sarah,Smith,sarah.smith@example.com
Sarah,Williams,sarah.williams@example.com
Laura,Williams,laura.williams@example.com
Katie,Williams,katie.williams@example.com
Alex,Davis,alex.davis@example.com
Chris,Miller,chris.miller@example.com
Laura,Miller,laura.miller@example.com
Alex,Brown,alex.brown@example.com
Jane,Smith,jane.smith@example.com
Emily,Taylor,emily.taylor@example.com
Michael,Wilson,michael.wilson@example.com
David,Wilson,david.wilson@example.com
John,Smith,john.smith@example.com
David,Jones,david.jones@example.com
Katie,Davis,katie.davis@example.com
Michael,Davis,michael.davis@example.com
Laura,Johnson,laura.johnson@example.com
Michael,Moore,michael.moore@example.com
Michael,Smith,michael.smith@example.com
Chris,Moore,chris.moore@example.com
Emily,Johnson,emily.johnson@example.com
John,Johnson,john.johnson@example.com
Sarah,Jones,sarah.jones@example.com
Chris,Jones,chris.jones@example.com
John,Miller,john.miller@example.com
Sarah,Wilson,sarah.wilson@example.com
Laura,Moore,laura.moore@example.com
Michael,Taylor,michael.taylor@example.com
Sarah,Miller,sarah.miller@example.com
Sarah,Jones,sarah.jones@example.com
Chris,Johnson,chris.johnson@example.com
Michael,Moore,michael.moore@example.com
John,Brown,john.brown@example.com
Emily,Davis,emily.davis@example.com
Laura,Johnson,laura.johnson@example.com
Alex,Johnson,alex.johnson@example.com
Emily,Taylor,emily.taylor@example.com
Katie,Williams,katie.williams@example.com
Emily,Johnson,emily.johnson@example.com
Laura,Wilson,laura.wilson@example.com
Laura,Moore,laura.moore@example.com
Alex,Jones,alex.jones@example.com
Katie,Johnson,katie.johnson@example.com
Chris,Johnson,chris.johnson@example.com
John,Johnson,john.johnson@example.com
Jane,Moore,jane.moore@example.com
Emily,Jones,emily.jones@example.com
Laura,Jones,laura.jones@example.com
Sarah,Moore,sarah.moore@example.com
Emily,Miller,emily.miller@example.com
Michael,Johnson,michael.johnson@example.com
Chris,Wilson,chris.wilson@example.com